{"cameraMode":{"drawMode":0,"name":"Shaded","section":"Shading Mode"},"sceneLighting":false,"audioPlay":false,"sceneViewState":{"showFog":true,"showMaterialUpdate":false,"showSkybox":false,"showFlares":true,"showImageEffects":true,"showParticleSystems":true},"in2DMode":false,"pivot":{"x":-0.47985541820526125,"y":-0.5523404479026794,"z":-3.3184423446655275},"rotation":{"x":-0.17554494738578797,"y":0.6731160283088684,"z":-0.1692262589931488,"w":-0.6982113122940064},"size":3.045234203338623,"orthographic":false}