{"cameraMode":{"drawMode":0,"name":"Shaded","section":"Shading Mode"},"sceneLighting":false,"audioPlay":false,"sceneViewState":{"showFog":true,"showMaterialUpdate":false,"showSkybox":false,"showFlares":true,"showImageEffects":true,"showParticleSystems":true},"in2DMode":false,"pivot":{"x":0.25222650170326235,"y":1.5383752584457398,"z":-0.7804685831069946},"rotation":{"x":-0.1714402586221695,"y":0.4050537645816803,"z":-0.07760114222764969,"w":-0.8947422504425049},"size":4.109948635101318,"orthographic":false}