{"cameraMode":{"drawMode":0,"name":"Shaded","section":"Shading Mode"},"sceneLighting":false,"audioPlay":false,"sceneViewState":{"showFog":true,"showMaterialUpdate":false,"showSkybox":false,"showFlares":true,"showImageEffects":true,"showParticleSystems":true},"in2DMode":false,"pivot":{"x":0.1473114937543869,"y":0.5259494781494141,"z":-0.334352970123291},"rotation":{"x":-0.10585570335388184,"y":-0.301371306180954,"z":0.03367827460169792,"w":-0.9470499753952026},"size":3.3431966304779054,"orthographic":false}