{"cameraMode":{"drawMode":0,"name":"Shaded","section":"Shading Mode"},"sceneLighting":false,"audioPlay":false,"sceneViewState":{"showFog":true,"showMaterialUpdate":false,"showSkybox":false,"showFlares":true,"showImageEffects":true,"showParticleSystems":true},"in2DMode":false,"pivot":{"x":0.0052114129066467289,"y":-0.004854798316955566,"z":0.14338183403015138},"rotation":{"x":-0.20449107885360719,"y":-0.19726699590682984,"z":0.04207808896899223,"w":-0.9579263925552368},"size":3.277757406234741,"orthographic":false}