{"cameraMode":{"drawMode":0,"name":"Shaded","section":"Shading Mode"},"sceneLighting":false,"audioPlay":false,"sceneViewState":{"showFog":true,"showMaterialUpdate":false,"showSkybox":false,"showFlares":true,"showImageEffects":true,"showParticleSystems":true},"in2DMode":false,"pivot":{"x":0.12959231436252595,"y":1.051889181137085,"z":0.17599928379058839},"rotation":{"x":-0.19685256481170655,"y":0.06671324372291565,"z":-0.013339598663151265,"w":-0.9780992865562439},"size":4.335862636566162,"orthographic":false}