{"cameraMode":{"drawMode":0,"name":"Shaded","section":"Shading Mode"},"sceneLighting":false,"audioPlay":false,"sceneViewState":{"showFog":true,"showMaterialUpdate":false,"showSkybox":false,"showFlares":true,"showImageEffects":true,"showParticleSystems":true},"in2DMode":false,"pivot":{"x":-0.2972871661186218,"y":0.7528133392333984,"z":0.05536782741546631},"rotation":{"x":-0.10585570335388184,"y":-0.301371306180954,"z":0.03367827460169792,"w":-0.9470499753952026},"size":9.415962219238282,"orthographic":false}