{"cameraMode":{"drawMode":0,"name":"Shaded","section":"Shading Mode"},"sceneLighting":false,"audioPlay":false,"sceneViewState":{"showFog":true,"showMaterialUpdate":false,"showSkybox":false,"showFlares":true,"showImageEffects":true,"showParticleSystems":true},"in2DMode":false,"pivot":{"x":1.2883715629577637,"y":-0.7295347452163696,"z":-1.2792831659317017},"rotation":{"x":0.511949360370636,"y":0.2826673090457916,"z":-0.18314750492572785,"w":0.7903392314910889},"size":4.94300651550293,"orthographic":false}