{"cameraMode":{"drawMode":0,"name":"Shaded","section":"Shading Mode"},"sceneLighting":false,"audioPlay":false,"sceneViewState":{"showFog":true,"showMaterialUpdate":false,"showSkybox":false,"showFlares":true,"showImageEffects":true,"showParticleSystems":true},"in2DMode":false,"pivot":{"x":0.033156394958496097,"y":0.02049863338470459,"z":-0.22464817762374879},"rotation":{"x":0.12161106616258621,"y":-0.5442368984222412,"z":0.08054633438587189,"w":0.8262125849723816},"size":2.7242438793182375,"orthographic":false}