{"cameraMode":{"drawMode":0,"name":"Shaded","section":"Shading Mode"},"sceneLighting":false,"audioPlay":false,"sceneViewState":{"showFog":true,"showMaterialUpdate":false,"showSkybox":false,"showFlares":true,"showImageEffects":true,"showParticleSystems":true},"in2DMode":false,"pivot":{"x":-0.4485712945461273,"y":0.09731864929199219,"z":-2.5426907539367677},"rotation":{"x":0.21955908834934236,"y":-0.536219596862793,"z":0.14685460925102235,"w":0.8017153143882752},"size":2.848872661590576,"orthographic":false}