{"cameraMode":{"drawMode":0,"name":"Shaded","section":"Shading Mode"},"sceneLighting":false,"audioPlay":false,"sceneViewState":{"showFog":true,"showMaterialUpdate":false,"showSkybox":false,"showFlares":true,"showImageEffects":true,"showParticleSystems":true},"in2DMode":false,"pivot":{"x":-0.03408152237534523,"y":0.8326879739761353,"z":0.0585906058549881},"rotation":{"x":0.26902034878730776,"y":-0.07937022298574448,"z":0.022203335538506509,"w":0.9596582651138306},"size":2.6310975551605226,"orthographic":false}