{"cameraMode":{"drawMode":0,"name":"Shaded","section":"Shading Mode"},"sceneLighting":false,"audioPlay":false,"sceneViewState":{"showFog":true,"showMaterialUpdate":false,"showSkybox":false,"showFlares":true,"showImageEffects":true,"showParticleSystems":true},"in2DMode":false,"pivot":{"x":-0.09746837615966797,"y":1.9473553895950318,"z":0.5819638967514038},"rotation":{"x":-0.23031383752822877,"y":0.28875932097435,"z":-0.07166825979948044,"w":-0.926552951335907},"size":4.916820049285889,"orthographic":false}